"","salary_range","Year","count_all","count_black","count_vm","count_indigenous","count_pwd","count_non_vm"
"1","Under 50,000","2025",3030,124,595,168,282,2435
"2","50,000 to 54,999","2025",2380,167,616,94,162,1764
"3","55,000 to 59,999","2025",4939,276,1182,353,489,3757
"4","60,000 to 64,999","2025",16840,1330,4595,979,1660,12245
"5","65,000 to 69,999","2025",26281,2126,7507,1592,2396,18774
"6","70,000 to 74,999","2025",24013,1708,6374,1420,2322,17639
"7","75,000 to 79,999","2025",21450,1290,5365,1198,1872,16085
"8","80,000 to 84,999","2025",13992,707,3195,896,1155,10797
"9","85,000 to 89,999","2025",21082,975,4595,1456,1877,16487
"10","90,000 to 94,999","2025",7519,485,2264,351,632,5255
"11","95,000 to 99,999","2025",14607,637,3399,787,1288,11208
"12","100,000 to 104,999","2025",27637,1031,5991,1687,2468,21646
"13","105,000 to 109,999","2025",10066,414,2237,529,863,7829
"14","110,000 to 114,999","2025",9428,413,2481,436,825,6947
"15","115,000 to 119,999","2025",11641,357,2303,598,1041,9338
"16","120,000 to 124,999","2025",5833,248,1383,272,524,4450
"17","125,000 to 149,999","2025",33372,1108,7317,1364,2899,26055
"18","150,000 and over","2025",12825,345,2366,558,1373,10459
"19","Total","2025",266935,13741,63765,14738,24128,203170
"20","Under 50,000","2024",4617,186,815,201,345,3802
"21","50,000 to 54,999","2024",2526,176,672,154,253,1854
"22","55,000 to 59,999","2024",7227,500,1987,420,565,5240
"23","60,000 to 64,999","2024",24922,2212,7312,1338,2206,17610
"24","65,000 to 69,999","2024",24299,1541,5849,1396,2080,18450
"25","70,000 to 74,999","2024",24361,1589,6242,1417,2024,18119
"26","75,000 to 79,999","2024",20275,1084,4548,1199,1556,15727
"27","80,000 to 84,999","2024",22858,1077,5026,1422,1719,17832
"28","85,000 to 89,999","2024",16989,714,3536,963,1037,13453
"29","90,000 to 94,999","2024",12132,526,2644,598,923,9488
"30","95,000 to 99,999","2024",13604,565,3133,678,1034,10471
"31","100,000 to 104,999","2024",20277,682,4169,1241,1654,16108
"32","105,000 to 109,999","2024",10468,446,2327,556,750,8141
"33","110,000 to 114,999","2024",11870,415,2506,568,974,9364
"34","115,000 to 119,999","2024",6325,240,1435,237,386,4890
"35","120,000 to 124,999","2024",9528,288,2123,338,644,7405
"36","125,000 to 149,999","2024",24432,793,5088,1008,1937,19344
"37","150,000 and over","2024",9723,236,1603,418,1002,8120
"38","Total","2024",266433,13270,61015,14152,21089,205418
"39","Under 50,000","2023",5506,258,1149,309,456,4357
"40","50,000 to 54,999","2023",17514,1378,4733,1079,1496,12781
"41","55,000 to 59,999","2023",16746,1165,3878,902,1169,12868
"42","60,000 to 64,999","2023",20458,1360,5001,1136,1642,15457
"43","65,000 to 69,999","2023",23218,1408,5661,1307,1623,17557
"44","70,000 to 74,999","2023",25292,1310,5789,1344,1708,19503
"45","75,000 to 79,999","2023",16021,684,3226,971,1096,12795
"46","80,000 to 84,999","2023",11295,407,2096,622,540,9199
"47","85,000 to 89,999","2023",22431,841,4524,1293,1362,17907
"48","90,000 to 94,999","2023",22142,669,4344,1259,1575,17798
"49","95,000 to 99,999","2023",8853,331,1892,482,598,6961
"50","100,000 to 104,999","2023",12844,463,2660,662,832,10184
"51","105,000 to 109,999","2023",9098,276,1977,324,526,7121
"52","110,000 to 114,999","2023",8511,271,1573,409,631,6938
"53","115,000 to 119,999","2023",6834,255,1597,261,484,5237
"54","120,000 to 124,999","2023",5895,196,1320,227,320,4575
"55","125,000 to 149,999","2023",14596,347,2668,533,958,11928
"56","150,000 and over","2023",6157,152,946,243,394,5211
"57","Total","2023",253411,11771,55034,13363,17410,198377
"58","Under 50,000","2022",5197,198,810,289,396,4387
"59","50,000 to 54,999","2022",15578,963,3623,995,1223,11955
"60","55,000 to 59,999","2022",15495,936,3286,815,922,12209
"61","60,000 to 64,999","2022",19131,1212,4478,1007,1394,14653
"62","65,000 to 69,999","2022",21662,1207,4868,1182,1329,16794
"63","70,000 to 74,999","2022",22974,1080,4885,1268,1440,18089
"64","75,000 to 79,999","2022",15043,573,2844,906,975,12199
"65","80,000 to 84,999","2022",11649,360,2087,623,519,9562
"66","85,000 to 89,999","2022",20747,681,4016,1174,1093,16731
"67","90,000 to 94,999","2022",20617,577,3774,1242,1333,16843
"68","95,000 to 99,999","2022",8854,356,1894,490,494,6960
"69","100,000 to 149,999","2022",54726,1553,10422,2192,3189,44304
"70","150,000 to 199,999","2022",4032,96,602,142,243,3430
"71","200,000 to 249,999","2022",422,16,56,11,23,366
"72","250,000 and over","2022",6,1,1,0,0,5
"73","Total","2022",236133,9809,47728,12336,14573,188405
"74","Under 50,000","2021",5476,194,862,300,383,4614
"75","50,000 to 54,999","2021",16566,929,3485,979,1141,13081
"76","55,000 to 59,999","2021",16097,954,3367,866,866,12730
"77","60,000 to 64,999","2021",18714,1058,4084,1029,1192,14630
"78","65,000 to 69,999","2021",21372,1031,4399,1200,1297,16973
"79","70,000 to 74,999","2021",21560,903,4333,1169,1208,17227
"80","75,000 to 79,999","2021",14642,476,2474,907,869,12168
"81","80,000 to 84,999","2021",16641,454,2708,854,640,13933
"82","85,000 to 89,999","2021",19438,620,3908,1113,1069,15530
"83","90,000 to 94,999","2021",16479,453,2563,1064,961,13916
"84","95,000 to 99,999","2021",8158,303,1585,454,444,6573
"85","100,000 to 149,999","2021",49221,1292,8819,1903,2598,40402
"86","150,000 to 199,999","2021",3634,84,498,130,209,3136
"87","200,000 to 249,999","2021",342,3,35,9,16,307
"88","250,000 and over","2021",5,0,2,0,0,3
"89","Total","2021",228345,8754,43122,11977,12893,185223
"90","Under 50,000","2020",10316,411,1789,573,617,8527
"91","50,000 to 54,999","2020",18553,1058,3838,1071,1144,14715
"92","55,000 to 59,999","2020",22131,1112,4143,1249,1216,17988
"93","60,000 to 64,999","2020",19187,860,3901,1011,1093,15286
"94","65,000 to 69,999","2020",18403,609,3217,996,974,15186
"95","70,000 to 74,999","2020",14379,464,2571,810,807,11808
"96","75,000 to 79,999","2020",10622,275,1647,642,404,8975
"97","80,000 to 84,999","2020",17472,473,2859,1045,717,14613
"98","85,000 to 89,999","2020",20511,522,3481,1105,1167,17030
"99","90,000 to 94,999","2020",8953,304,1689,411,427,7264
"100","95,000 to 99,999","2020",9769,315,1646,472,520,8123
"101","100,000 to 149,999","2020",40265,950,6920,1384,1816,33345
"102","150,000 to 199,999","2020",3240,70,406,116,170,2834
"103","200,000 to 249,999","2020",314,4,36,3,15,278
"104","250,000 and over","2020",5,0,2,0,0,3
"105","Total","2020",214120,7427,38145,10888,11087,175975
"106","Under 15,000","2019",304,2,21,5,17,283
"107","15,000 to 49,999","2019",10627,412,1867,603,641,8760
"108","50,000 to 54,999","2019",18064,956,3324,1081,1083,14740
"109","55,000 to 59,999","2019",22233,997,4221,1219,1286,18012
"110","60,000 to 64,999","2019",17281,606,3112,936,930,14169
"111","65,000 to 69,999","2019",17544,536,2841,991,908,14703
"112","70,000 to 74,999","2019",13820,371,2221,796,819,11599
"113","75,000 to 79,999","2019",11518,288,1677,688,448,9841
"114","80,000 to 84,999","2019",18183,464,2810,1054,740,15373
"115","85,000 to 89,999","2019",18340,457,2793,972,1115,15547
"116","90,000 to 94,999","2019",9276,393,1892,427,427,7384
"117","95,000 to 99,999","2019",8886,203,1340,409,429,7546
"118","100,000 to 149,999","2019",34824,741,5624,1193,1651,29200
"119","150,000 to 199,999","2019",2220,41,245,59,121,1975
"120","200,000 to 249,999","2019",145,1,15,2,7,130
"121","250,000 and over","2019",3,0,1,0,0,2
"122","Total","2019",203268,6468,34004,10435,10622,169264
"123","Under 50,000","2018",10826,388,1758,618,661,9068
"124","50,000 to 54,999","2018",17345,696,2965,1014,1055,14380
"125","55,000 to 59,999","2018",21616,837,3780,1201,1216,17836
"126","60,000 to 64,999","2018",16539,506,2649,888,922,13890
"127","65,000 to 69,999","2018",20799,488,3014,1086,995,17785
"128","70,000 to 74,999","2018",18553,485,2491,1436,991,16062
"129","75,000 to 79,999","2018",9028,240,1345,364,381,7683
"130","80,000 to 84,999","2018",10793,303,1802,539,507,8991
"131","85,000 to 89,999","2018",16294,367,2335,953,1008,13959
"132","90,000 to 94,999","2018",8631,332,1685,368,429,6946
"133","95,000 to 99,999","2018",7658,188,1182,281,355,6476
"134","100,000 and over","2018",34385,708,5267,1128,1661,29118
"135","Total","2018",192467,5538,30273,9876,10181,162194
"136","Under 50,000","2017",23124,850,3615,1454,1553,19509
"137","50,000 to 54,999","2017",20904,810,3516,1207,1239,17388
"138","55,000 to 59,999","2017",16962,538,2666,911,964,14296
"139","60,000 to 64,999","2017",15551,374,2140,854,860,13411
"140","65,000 to 69,999","2017",17825,424,2448,981,910,15377
"141","70,000 to 74,999","2017",13672,368,1847,1045,589,11825
"142","75,000 to 79,999","2017",10527,274,1623,494,509,8904
"143","80,000 to 84,999","2017",18033,463,2714,1055,1157,15319
"144","85,000 to 89,999","2017",7279,252,1310,337,381,5969
"145","90,000 to 94,999","2017",7448,152,1073,262,359,6375
"146","95,000 to 99,999","2017",8433,206,1519,233,450,6914
"147","100,000 and over","2017",25726,507,3587,893,1288,22139
"148","Total","2017",185484,5218,28058,9726,10259,157426
